player_name,transfer_fee_adj,age_at_transfer,market_value_adj,goals_per_90,assists_per_90,sb_xg_per_90,sb_xa_per_90,contract_years_remaining,is_january_window,position_Defender,position_Goalkeeper,position_Midfield,log_reddit_volume,avg_hype_prob,avg_mkt_neg_prob,avg_perf_pos_prob,avg_perf_neg_prob,std_hype_prob,std_perf_neg_prob
Harry Kane,99750000.0,30.039698836413415,94500000.0,0.0,0.0,0.0,0.0,3.8822724161533197,0,False,False,False,11.494680024628877,0.3267834704542727,0.17618576315381682,0.2908033673669623,0.20622745092823414,0.3194439071133438,0.2185034958109091
Ashley Young,2066360.6250000005,34.5242984257358,4862025.000000001,0.2654867256637168,0.0,0.0,0.0,5.451060917180014,1,True,False,False,11.415202376441613,0.1345344624387216,0.11599778447073734,0.3919709594956734,0.35749392061536694,0.22521975976663855,0.22663561954155745
Declan Rice,122430000.0,24.49828884325804,94500000.0,0.5,0.0,0.0,0.0,4.960985626283367,0,False,False,True,11.331583428289774,0.3561679763623822,0.19599759985434684,0.2652948634564515,0.1825397190629334,0.3222782404625807,0.20879743000566753
Emiliano Martínez,5250000.0,23.37577002053388,3675000.0,0.0,0.0,0.0,0.0,4.492813141683778,1,False,False,True,11.277899091744246,0.06862308859182749,0.055203695700406084,0.43149674836583224,0.4446756230360413,0.1514372722338982,0.22128300915608431
Thomas Partey,60775312.500000015,27.312799452429843,48620250.00000001,0.0,0.0,0.0,0.0,4.733744010951403,0,False,False,True,11.229208853010284,0.3912989890741485,0.2115989119771901,0.23615829287619336,0.16094208766779647,0.32355948269891854,0.2024160063971589
Cengiz Ünder,12568500.0,24.9637234770705,24255000.0,0.33333333333333337,0.33333333333333337,0.0,0.0,4.996577686516085,0,False,False,False,11.216942367479062,0.1414629218285969,0.153088256904047,0.3511012760773134,0.35434710694015853,0.223265630485587,0.23673311168978556
Thorgan Hazard,32545179.843750007,26.255989048596852,48498699.375000015,0.3529411764705882,0.3529411764705882,0.0,0.0,6.997946611909651,0,False,False,False,10.847101580059174,0.20977498637577574,0.11411164316566083,0.391726149366445,0.28438696957035414,0.2853725677306461,0.2279036808218946
Kai Havertz,78750000.0,24.05475701574264,57750000.0,0.0,0.0,0.0,0.0,4.999315537303217,0,False,False,False,10.832299564963956,0.26588985288881783,0.18053906484115376,0.3054362379204182,0.2481343802176867,0.3020951923070413,0.23819387828962457
Cody Gakpo,44100000.0,23.655030800821354,63000000.0,0.0,0.5084745762711864,0.10955201902597402,1.9480519480519478,5.494866529774128,1,False,False,False,10.721150607793641,0.24825954039391598,0.14058541532694613,0.37788161539287807,0.23327409536152321,0.29739195854443795,0.20987563690915756
Kai Havertz,97240500.00000001,21.234770704996578,98456006.25000001,0.5,0.0,0.0,0.0,7.819301848049282,0,False,False,False,10.651170265744087,0.3341670499708483,0.14610239683979234,0.33264734731423,0.18708381427965287,0.32813731071668145,0.19066436628215597
Raheem Sterling,61960500.0,27.59479808350445,77175000.0,0.0,2.6470588235294117,0.0,0.0,2.8829568788501025,0,False,False,False,10.501252050663496,0.2643110755777726,0.13544093678624455,0.3531457290397619,0.24710119455167562,0.31541784322997823,0.22572344112636536
Jordan Henderson,14700000.0,33.1088295687885,10500000.0,0.0,0.0,0.0,0.0,2.926762491444216,0,False,False,True,10.417238892218322,0.24843595289663395,0.19560435206955007,0.2872091258531411,0.268750560051875,0.2950785937099739,0.24632086290421676
Christian Eriksen,32818668.750000007,27.953456536618756,109395562.50000001,0.13677811550151975,0.13677811550151975,0.0,0.0,5.420944558521561,1,False,False,True,10.306081877219272,0.20430734841183476,0.11895779932417617,0.35756684981947323,0.3191687484739681,0.2907019326679656,0.25057790129010366
Alexis Sánchez,45563251.781250015,29.09240246406571,93806694.84375003,0.5154639175257731,0.10309278350515465,0.23306327119565218,0.9782608695652175,8.435318275154003,1,False,False,False,10.264408469559651,0.32696212998298063,0.1659489350722422,0.2908275180924608,0.21625943292255898,0.3278795899154786,0.22462017954675917
Mykhaylo Mudryk,73500000.0,22.026009582477755,42000000.0,1.0,0.0,0.0,0.0,8.454483230663929,1,False,False,False,10.251853068603719,0.37796995979244996,0.22940863709413753,0.2281381204906277,0.16448067289271504,0.31341566452494823,0.2060235117062692
Timo Werner,64421831.250000015,24.320328542094455,77792400.00000001,0.8322324966974901,0.11889035667107001,0.03835875833333333,0.0,4.996577686516085,0,False,False,False,10.225281154616678,0.28684812858725056,0.13760285582989515,0.3674070427336614,0.2081374286987442,0.31417861391805363,0.1962303126708346
Granit Xhaka,15750000.0,30.770704996577688,21000000.0,0.625,0.0,0.053779909709302326,2.6162790697674416,4.985626283367557,0,False,False,True,10.203999469426009,0.20938897950258223,0.11388708889285797,0.378725694630244,0.29799864725552855,0.2910827422384818,0.23047399287656112
Antoine Griezmann,153153787.50000003,28.314852840520192,165916603.12500006,0.0,0.0,0.0,0.0,6.962354551676934,0,False,False,False,10.197164122035577,0.3374615120850428,0.15987458780451233,0.2904902959948888,0.21217502513508096,0.334107693842371,0.2260688415848893
Jude Bellingham,118650000.0,20.005475701574266,126000000.0,1.5,0.0,0.0,0.0,5.9986310746064335,0,False,False,True,10.162654403026995,0.33876092324637397,0.17783394690041263,0.2939632007747838,0.1894402638650415,0.32205348021926883,0.20566207063205766
Leandro Trossard,25200000.0,28.128678986995208,31500000.0,0.0,0.0,0.0,0.7407407407407407,3.4414784394250515,1,False,False,False,10.092039659080719,0.20797222219119088,0.09179281593084859,0.46287538611453,0.23736108496123068,0.2682045544205514,0.20435502890339918
Luuk de Jong,3307500.0,31.8466803559206,4410000.0,0.0,0.0,0.0,0.0,2.9952087611225187,0,False,False,False,9.967353972864542,0.39219549679937343,0.20011390759759487,0.23550554149000313,0.17218349087091803,0.3329286591788522,0.21106834371570624
Christian Pulisic,21840000.0,24.815879534565365,26250000.0,0.0,0.0,0.0,0.0,3.9644079397672827,0,False,False,False,9.965193941972107,0.21630645058306594,0.1467112964057707,0.3371296370105665,0.29985506635897585,0.28812603511787976,0.24249790465879556
André Onana,52710000.0,27.29637234770705,36750000.0,0.0,0.0,0.0,0.0,4.947296372347707,0,False,True,False,9.95759687818316,0.37520164445294596,0.17282649836147884,0.2596097393866192,0.1923622791614996,0.33678114030635486,0.22128975205902598
Dušan Vlahović,92058750.0,22.001368925393567,77175000.0,0.9038737446197991,0.2582496413199426,0.0,0.0,4.418891170431212,1,False,False,False,9.921867599817558,0.38118926447632856,0.1842842985966888,0.25369079732169225,0.18083386465680323,0.3337242090751434,0.21052337846066344
Luuk de Jong,15953519.531250004,28.843258042436688,15315378.750000004,0.0,0.5,0.0,0.0,5.9986310746064335,0,False,False,False,9.854874872615435,0.2552650549780978,0.12684977133443037,0.3709402313632915,0.246945971591579,0.30597720288141705,0.21979502944624435
Philippe Coutinho,180912911.48437506,25.574264202600958,120608607.65625004,0.8440797186400937,0.5275498241500586,0.0,0.0,7.474332648870637,1,False,False,True,9.823740634445873,0.3284913780603251,0.17717895210338003,0.2827057654067727,0.21162421905011872,0.3198500096794189,0.22301607385476918
Luka Jović,28512130.106250007,21.519507186858316,76576893.75000001,0.627906976744186,0.0,0.0,0.0,5.9986310746064335,0,False,False,False,9.8230364281385,0.3067862429489891,0.12395971739885833,0.36547377335245496,0.20377944766851722,0.3209590469244727,0.19481472097403907
Bouna Sarr,9724050.000000002,28.67898699520876,10939556.250000002,0.0,0.0,0.0,0.0,0.4928131416837782,0,True,False,False,9.809890903798543,0.40486960303199543,0.1966365216827225,0.2397935545996941,0.1586995932287681,0.32563849044654536,0.19387873656422558
Luka Jović,80405738.43750003,21.522245037645447,76576893.75000001,0.5294117647058824,0.0,0.0,0.0,5.9958932238193015,0,False,False,False,9.8011225458581,0.30887157271352494,0.12511309743792584,0.3637877191551926,0.2022272117486695,0.32130386488549406,0.19424859006225675
Nathan Patterson,15435000.0,20.21902806297057,3307500.0,0.0,0.0,0.0,0.0,5.4839151266255985,1,True,False,False,9.800125039540974,0.09263125050256284,0.06216770443917643,0.5478508446135282,0.2973480704751476,0.17081055211169044,0.1832373266122242
Kylian Mbappé,241217215.3125001,19.529089664613277,160811476.87500006,0.0,0.0,0.39985826282051284,1.0256410256410258,10.99794661190965,0,False,False,False,9.792779430551706,0.17065658211368478,0.08672519716438498,0.46062115265098835,0.2820029773039904,0.24856770251892968,0.2128044046322959
Matthijs de Ligt,73867500.0,22.934976043805612,77175000.0,0.0,0.0,0.0,0.0,6.9486652977412735,0,True,False,False,9.768755439335086,0.3865927298891011,0.19283626122937922,0.24702184371345853,0.17355003601381525,0.3317432597633926,0.2085255648692745
Nélson Semedo,38896200.00000001,26.85284052019165,48620250.00000001,0.0,0.0,0.0,0.0,4.766598220396989,0,True,False,False,9.745897631961357,0.16463036177930568,0.09567762996890412,0.40535668512281947,0.3343333555999883,0.2565878252882225,0.24306812096696018
Aurélien Tchouaméni,88200000.0,22.425735797399042,66150000.0,0.6666666666666667,0.33333333333333337,0.0,0.0,5.9986310746064335,0,False,False,True,9.67570827281739,0.3712320171458006,0.15805637042226747,0.30730794957518764,0.16340187012868548,0.3289197617102509,0.18110188488785864
Thomas Henry,6366937.500000001,26.926762491444215,5788125.000000001,0.75,0.0,0.0,0.0,3.8494182067077345,0,False,False,False,9.668903811079362,0.10346308241091283,0.08496158096034676,0.4887750672278109,0.32280031160691175,0.17865868854488656,0.19842049027583436
Olivier Giroud,5556600.000000001,34.795345653661876,4630500.000000001,0.0,0.0,0.41078528256880736,0.41284403669724773,4.457221081451061,0,False,False,False,9.662561831426121,0.16242102438343037,0.08116379750171615,0.4085072090647455,0.3479076265841258,0.2621302055320184,0.2426713575067237
Philippe Coutinho,22050000.0,30.050650239561943,22050000.0,0.3448275862068965,0.0,0.0,0.0,2.9979466119096507,0,False,False,True,9.629576884168266,0.2651484565887883,0.1819231413741346,0.3384114331478526,0.21451808016093407,0.2930322204695946,0.21782174622952422
Alexis Mac Allister,44100000.0,24.517453798767967,68250000.0,0.3448275862068965,0.17241379310344826,0.0,0.0,4.999315537303217,0,False,False,True,9.627799924932715,0.323436021867634,0.1391680409628726,0.36078627313706874,0.17660672158905955,0.3217699662740816,0.1831682400101117
Christian Pulisic,81682020.00000003,20.290212183436,63814078.125000015,0.0,0.0,0.0,0.0,8.490075290896646,1,False,False,False,9.622118842140939,0.21856715711707608,0.1352490209910796,0.35762252595324506,0.2885611539046875,0.2862151448472804,0.23301654550498935
Sergiño Dest,25525631.250000004,19.90965092402464,21879112.500000004,0.0,0.0,0.0,0.0,7.745379876796714,0,True,False,False,9.621986339159427,0.24605023762985784,0.13150275154831617,0.3698130500686286,0.2526377969353072,0.2989608015288125,0.21094654698050028
Achraf Hakimi,78718500.00000001,22.6694045174538,69457500.00000001,0.0,1.007462686567164,0.0,0.0,7.983572895277208,0,True,False,False,9.601976972147813,0.34468112678143603,0.16508574760734596,0.306896286304716,0.18333678051173577,0.3284266493019452,0.19849668124406844
Eduardo Camavinga,35886375.00000001,18.806297056810404,63669375.00000001,0.0,0.0,0.0,0.0,7.83025325119781,0,False,False,True,9.598116617213263,0.42908451611521964,0.16944913418880633,0.2501737732322933,0.15129248689492025,0.33692327972344904,0.18455324263382245
Memphis Depay,3150000.0,28.933607118412045,21000000.0,0.0,0.0,0.25205459545023695,0.6398104265402843,0.4928131416837782,1,False,False,False,9.573593631275038,0.18514984271997073,0.10171751959763778,0.3758641893023517,0.33726942652795117,0.28230696803317573,0.24380044307135448
Carlos Mané,1157625.0000000002,27.42505133470226,1736437.5000000002,0.0,0.0,0.0,0.0,4.878850102669404,0,False,False,False,9.570529135214711,0.15381113750243544,0.10795254715652386,0.4480211979759916,0.29021200094233,0.23607648484464425,0.2093037525176774
Olivier Giroud,22781625.890625007,31.33744010951403,26801912.812500007,0.7407407407407408,0.0,0.41078528256880736,0.41284403669724773,7.915126625598905,1,False,False,False,9.554284623436097,0.2975004434720806,0.13923210375564585,0.3165316427558644,0.24673880302831658,0.3279388134392073,0.23480558469230073
Bruno Fernandes,79007906.25000001,25.39082819986311,72930375.00000001,0.4,0.6000000000000001,0.0,0.0,7.416837782340862,1,False,False,True,9.502711433914095,0.3616798158811517,0.15799376632616385,0.28420354338357945,0.19612299942979175,0.3401971932725611,0.20922539563460318
Christopher Nkunku,63000000.0,25.626283367556468,84000000.0,0.8806262230919765,0.7045009784735812,0.0,0.0,5.9986310746064335,0,False,False,False,9.49822242443063,0.21995435356423343,0.1337641146373427,0.40846010085836437,0.23782360018260656,0.27760196798475517,0.19651140174549736
Rodrigo De Paul,40516875.00000001,27.134839151266256,43989750.00000001,0.0,0.0,0.0,0.0,4.9664613278576315,0,False,False,True,9.422382530219219,0.19744339587956355,0.09925481152663715,0.4177992325193258,0.2855006994798764,0.27598630325479373,0.22243168547892267
Leny Yoro,62000000.0,18.677618069815196,50000000.0,0.0,0.0,0.0,0.0,4.950034223134839,0,True,False,False,9.40894529884324,0.4310946531786845,0.20951232835088412,0.21558600200829486,0.14380886719710867,0.32480342729441974,0.1904324176125275
Yves Bissouma,32193000.0,25.83436002737851,38587500.0,0.0,0.4,0.0,0.0,3.997262149212868,0,False,False,True,9.402529747968487,0.3115819338269508,0.16396657852749558,0.31300985232735845,0.21144328988568384,0.32052539355265325,0.21112054526273955
